{
  "Total" : {
    "transaction" : "Total",
    "sampleCount" : 500,
    "errorCount" : 34,
    "errorPct" : 6.8,
    "meanResTime" : 10062.771999999999,
    "minResTime" : 2432.0,
    "maxResTime" : 21010.0,
    "pct1ResTime" : 16355.000000000002,
    "pct2ResTime" : 20999.0,
    "pct3ResTime" : 21007.0,
    "throughput" : 12.657586957622398,
    "receivedKBytesPerSec" : 10.150346422333046,
    "sentKBytesPerSec" : 19.792016068806642
  },
  "BackAuthHit2" : {
    "transaction" : "BackAuthHit2",
    "sampleCount" : 500,
    "errorCount" : 34,
    "errorPct" : 6.8,
    "meanResTime" : 10062.771999999999,
    "minResTime" : 2432.0,
    "maxResTime" : 21010.0,
    "pct1ResTime" : 16355.000000000002,
    "pct2ResTime" : 20999.0,
    "pct3ResTime" : 21007.0,
    "throughput" : 12.657586957622398,
    "receivedKBytesPerSec" : 10.150346422333046,
    "sentKBytesPerSec" : 19.792016068806642
  }
}